doi,resolved_url,field,score,verdict_bucket,suggested_action,gold_value,parser_value,gold_on_page,parser_on_page,evidence,notes
10.1016/j.aej.2017.04.016,https://doi.org/10.1016/j.aej.2017.04.016,abstract,fuzzy=0.499 length_ratio=1.064 match@0.74=False,both_on_page_format_diff,fix_gold,"In the travel demand modeling field, mode choice is the most important decision that affects the resulted road congestion. The behavioral nature of this decision is represented in a mathematical form by the use of disaggregate discrete choice models, which are based on the random utility theory. The…","In the travel demand modeling field, mode choice is the most important decision that affects the resulted road congestion. The behavioral nature of the disaggregate models and the associated advantages of such models over aggregate models have led to their extensive use. This paper proposes a framew…",True,True,"{""fuzzy_ratio"": 0.499, ""gold_on_page"": true, ""parser_on_page"": true}",
10.1016/j.ajhg.2018.10.027,https://doi.org/10.1016/j.ajhg.2018.10.027,abstract,fuzzy=0.667 length_ratio=2.001 match@0.74=False,both_on_page_format_diff,fix_gold,"Diamond-Blackfan anemia (DBA) is a rare bone marrow failure disorder that affects 7 out of 1,000,000 live births and has been associated with mutations in components of the ribosome. In order to characterize the genetic landscape of this heterogeneous disorder, we recruited a cohort of 472 individua…","Diamond-Blackfan anemia (DBA) is a rare bone marrow failure disorder that affects 7 out of 1,000,000 live births and has been associated with mutations in components of the ribosome. In order to characterize the genetic landscape of this heterogeneous disorder, we recruited a cohort of 472 individua…",True,True,"{""fuzzy_ratio"": 0.667, ""gold_on_page"": true, ""parser_on_page"": true}",
10.1016/j.ajog.2006.10.180,https://doi.org/10.1016/j.ajog.2006.10.180,abstract,fuzzy=0.130 length_ratio=14.301 match@0.74=False,both_on_page_format_diff,fix_gold,Cerclage is beneficial in women with short cervix and prior preterm delivery. Recent meta-analyses have also shown: 1) no benefit of cerclage for cervical length (CL) â¤15 mm in low-risk women (To et al 2004); 2) potential benefit of cerclage for women with CL <25 mm in mixed high- and low-risk wome…,ObjectiveCerclage is beneficial in women with short cervix and prior preterm delivery. Recent meta-analyses have also shown: 1) no benefit of cerclage for cervical length (CL) ≤15 mm in low-risk women (To et al 2004); 2) potential benefit of cerclage for women with CL <25 mm in mixed high- and low-r…,True,True,"{""fuzzy_ratio"": 0.13, ""gold_on_page"": true, ""parser_on_page"": true}",
10.1016/j.amc.2012.06.074,https://doi.org/10.1016/j.amc.2012.06.074,abstract,fuzzy=0.705 length_ratio=1.464 match@0.74=False,both_on_page_format_diff,fix_gold,Let F denote the class of all functions univalent in the unit disk and convex in the direction of the real axis. In the paper we discuss the functions n-fold symmetric and convex in the direction of the real axis. The properties of the functionals connected with the covering are obtained.,"Let F denote the class of all functions univalent in the unit disk and convex in the direction of the real axis. In the paper we discuss the functions of the class F which are n -fold symmetric, where n is positive even integer. For the class of such functions we find the Koebe set as well as the co…",True,True,"{""fuzzy_ratio"": 0.705, ""gold_on_page"": true, ""parser_on_page"": true}",
10.1016/j.amjcard.2020.07.014,https://doi.org/10.1016/j.amjcard.2020.07.014,abstract,fuzzy=0.625 length_ratio=2.199 match@0.74=False,both_on_page_format_diff,fix_gold,This study sought to examine the differences in the characteristics and outcomes between men and women who underwent percutaneous coronary intervention (PCI) or coronary artery bypass grafting (CABG) for acute myocardial infarction (AMI) in contemporary US practice. The Nationwide Inpatient Sample w…,"
This study sought to examine the differences in the characteristics and outcomes between
         men and women who underwent percutaneous coronary intervention (PCI) or coronary artery
         bypass grafting (CABG) for acute myocardial infarction (AMI) in contemporary US practice.
         The N…",True,True,"{""fuzzy_ratio"": 0.625, ""gold_on_page"": true, ""parser_on_page"": true}",
10.1016/j.athoracsur.2004.03.087,https://doi.org/10.1016/j.athoracsur.2004.03.087,abstract,fuzzy=0.366 length_ratio=4.443 match@0.74=False,both_on_page_format_diff,fix_gold,"The authors describe a single patient undergoing a successful robotic mitral valve repair that used nitinol U-clips (Coalescent Surgical, Sunnyvale, CA) to secure the annuloplasty ring. Having previously reported several ""firsts"" in minimally invasive and robotic cardiac surgery, yet another from th…","The authors describe a single patient undergoing a successful robotic mitral valve repair that used nitinol U-clips (Coalescent Surgical, Sunnyvale, CA) to secure the annuloplasty ring. Having previously reported several “firsts” in minimally invasive and robotic cardiac surgery, yet another from th…",True,True,"{""fuzzy_ratio"": 0.366, ""gold_on_page"": true, ""parser_on_page"": true}",
10.1016/j.bbmt.2015.11.725,https://doi.org/10.1016/j.bbmt.2015.11.725,abstract,fuzzy=0.319 length_ratio=5.264 match@0.74=False,both_on_page_format_diff,fix_gold,Children undergoing HSCT are at risk of significant morbidity and mortality from untreated or unrecognized hypertension. Analysis of our inpatient BMT unit revealed nearly 50% of all blood pressures recorded on a daily basis were above the 95th percentile for blood pressure norms. The aim of this pr…,Children undergoing HSCT are at risk of significant morbidity and mortality from untreated or unrecognized hypertension. Analysis of our inpatient BMT unit revealed nearly 50% of all blood pressures recorded on a daily basis were above the 95th percentile for blood pressure norms. The aim of this pr…,True,True,"{""fuzzy_ratio"": 0.319, ""gold_on_page"": true, ""parser_on_page"": true}",
10.1016/j.bmc.2015.06.029,https://doi.org/10.1016/j.bmc.2015.06.029,abstract,fuzzy=0.512 length_ratio=0.687 match@0.74=False,both_on_page_format_diff,fix_gold,"In this paper, we describe the synthesis and pharmacological evaluation of a series of 4-aminoquinolines. The compounds were characterised and tested for their anti-nociceptive and anti-inflammatory activities. Their anti-nociceptive effect was evaluated in vivo using the acetic acid-induced writhin…","In this paper, we describe the synthesis and pharmacological evaluation of a series of 4-aminoquinolines. The compounds were characterised and tested in models of pain and inflammation, using the writhing test with acetic acid, formalin test, peritonitis test by zymosan and arthritis test with Freun…",True,True,"{""fuzzy_ratio"": 0.512, ""gold_on_page"": true, ""parser_on_page"": true}",
10.1016/j.bpj.2016.11.133,https://doi.org/10.1016/j.bpj.2016.11.133,abstract,fuzzy=0.505 length_ratio=2.957 match@0.74=False,both_on_page_format_diff,fix_gold,"Voltage-gated sodium channels are important molecular targets for anesthetics. The intravenous general anesthetic propofol was found to inhibit NaChBac, a prokaryotic sodium channel from Bacillus halodurans, but little is known about where propofol binds and how propofol binding inhibits the functio…","Voltage-gated sodium channels are important molecular targets for anesthetics. The intravenous general anesthetic propofol was found to inhibit NaChBac, a prokaryotic sodium channel from Bacillus halodurans, but little is known about where propofol binds and how propofol binding inhibits the functio…",True,True,"{""fuzzy_ratio"": 0.505, ""gold_on_page"": true, ""parser_on_page"": true}",
10.1016/j.ccc.2007.12.006,https://doi.org/10.1016/j.ccc.2007.12.006,abstract,fuzzy=0.632 length_ratio=2.165 match@0.74=False,both_on_page_format_diff,fix_gold,"Clostridium difficile colitis is a debilitating infection with a remarkably high associated mortality. Infection is contagious and spreads especially rapidly in an intensive care setting because patients who are there have all the associated risk factors, including major underlying illnesses, prior …","
Clostridium difficile colitis is a debilitating infection with a remarkably high associated mortality.
         Infection is contagious and spreads especially rapidly in an intensive care setting
         because patients who are there have all the associated risk factors, including major
         …",True,True,"{""fuzzy_ratio"": 0.632, ""gold_on_page"": true, ""parser_on_page"": true}",
10.1016/j.cgh.2008.11.008,https://doi.org/10.1016/j.cgh.2008.11.008,abstract,fuzzy=0.442 length_ratio=0.795 match@0.74=False,both_on_page_format_diff,fix_gold,"Intraductal papillary mucinous neoplasms have gained recognition in recent years as premalignant precursors to pancreatic cancer that enable early detection and often are found incidentally at imaging. Accurate diagnosis and optimal, finely tuned management of these lesions are important and require…","IPMNs have been recognized increasingly over the past decade. Evaluation of the location, size, and number of lesions; extent of ductal involvement; and the presence or absence of malignant features is essential in determining the lesion's aggressiveness and in planning the appropriate surgical appr…",True,True,"{""fuzzy_ratio"": 0.442, ""gold_on_page"": true, ""parser_on_page"": true}",
10.1016/j.chest.2022.04.017,https://doi.org/10.1016/j.chest.2022.04.017,abstract,fuzzy=0.563 length_ratio=2.522 match@0.74=False,both_on_page_format_diff,fix_gold,Background The current approach to interpretation of lung function measurements assumes that differences in lung function between racial and ethnic groups represent inherent and biological differences. Observed differences in lung function between White and Black populations are often attributed to …,"
Background
The current approach to interpretation of lung function measurements assumes that
         differences in lung function between racial and ethnic groups represent inherent and
         biological differences. Observed differences in lung function between White and Black
         populati…",True,True,"{""fuzzy_ratio"": 0.563, ""gold_on_page"": true, ""parser_on_page"": true}",
10.1016/j.dam.2004.07.005,https://doi.org/10.1016/j.dam.2004.07.005,abstract,fuzzy=0.618 length_ratio=0.915 match@0.74=False,both_on_page_format_diff,fix_gold,"We consider two optimization problems for cellular telephone networks, that arise in a recently discussed ITU proposal for a traffic load model. These are (i) base station positioning, to maximize coverage of a geographical area by the transmission range of the base stations, and (ii) frequency assi…","We consider two optimization problems for cellular telephone networks, that arise in a recently discussed ITU proposal for a traffic load model. These problems address the positioning of base stations (on given possible locations) with the aim to maximize the number of supplied demand nodes and mini…",True,True,"{""fuzzy_ratio"": 0.618, ""gold_on_page"": true, ""parser_on_page"": true}",
10.1016/j.desal.2024.118090,https://doi.org/10.1016/j.desal.2024.118090,abstract,fuzzy=0.464 length_ratio=1.110 match@0.74=False,both_on_page_format_diff,fix_gold,"Given the criticality of phosphorous and the harm eutrophication causes, wastewater treatment plants (WWTP) are undergoing circular economy (CE) conversion. Meanwhile, the current N and P recovery technologies are unsustainable due to different setbacks; optimizing resource recovery potential throug…","Given the criticality of phosphorous and the harm eutrophication causes, wastewater treatment plants (WWTP) are undergoing circular economy (CE) conversions into becoming centres for resource recovery. This framework paper identifies the environmental, societal, political, commercial, economic, cons…",True,True,"{""fuzzy_ratio"": 0.464, ""gold_on_page"": true, ""parser_on_page"": true}",
10.1016/j.ejps.2021.106078,https://doi.org/10.1016/j.ejps.2021.106078,abstract,fuzzy=0.516 length_ratio=1.259 match@0.74=False,both_on_page_format_diff,fix_gold,"Vorinostat (suberoylanilide hydroxamic acid, SAHA), an FDA-approved drug for cutaneous T cell lymphoma, has antiangiogenic and anti-inflammatory activity. However, its poor aqueous solubility limits its formulation and application. This study aimed to investigate the potential of cyclodextrin inclus…","Vorinostat (suberoylanilide hydroxamic acid, SAHA), an FDA-approved drug for cutaneous T cell lymphoma, has antiangiogenic and anti-inflammatory activity and thus has therapeutic potential for inflammatory corneal neovascularization (CNV). However, its practical administration is limited due to its …",True,True,"{""fuzzy_ratio"": 0.516, ""gold_on_page"": true, ""parser_on_page"": true}",
10.1016/j.geomphys.2013.09.003,https://doi.org/10.1016/j.geomphys.2013.09.003,abstract,fuzzy=0.566 length_ratio=1.212 match@0.74=False,both_on_page_format_diff,fix_gold,"In his book on Pseudo-Riemannian geometry, δ-invariants and applications, B.Y. Chen introduced a sequence of curvature invariants. Each of these invariants δ satisfies δ≤c⋅H2 where H is the mean curvature and c is a constant depending on the dimension of the manifold. In this paper, we prove that fo…","In his book on Pseudo-Riemannian geometry, δ -invariants and applications, B.Y. Chen introduced a sequence of curvature invariants. Each of these invariants is used to obtain a lower bound for the length of the mean curvature vector for an immersion in a real space form. A submanifold is called an i…",True,True,"{""fuzzy_ratio"": 0.566, ""gold_on_page"": true, ""parser_on_page"": true}",
10.1016/j.gie.2009.03.223,https://doi.org/10.1016/j.gie.2009.03.223,abstract,fuzzy=0.353 length_ratio=0.217 match@0.74=False,both_on_page_format_diff,fix_gold,"Background: Biliary ERCP is performed for benign and malignant indications. Studies have evaluated factors associated with stent malfunction in malignant strictures; however, a systematic evaluation of factors associated with stent malfunction in benign biliary strictures has not been conducted. Aim…","Background: Biliary ERCP is performed for benign and malignant indications. Studies
have evaluated factors associated with stent malfunction in malignant strictures;
however, a systematic evaluation of factors associated with stent malfunction in benign
biliary strictures has not been conducted. Aim…",True,True,"{""fuzzy_ratio"": 0.353, ""gold_on_page"": true, ""parser_on_page"": true}",
10.1016/j.gie.2011.03.214,https://doi.org/10.1016/j.gie.2011.03.214,abstract,fuzzy=0.285 length_ratio=6.011 match@0.74=False,both_on_page_format_diff,fix_gold,"Outlet obstruction is a major cause of chronic constipation. The mainstay for therapy is biofeedback, but only 50% of patients respond initially and <25% have long-term response to biofeedback. Injection of botulinum toxin with digital guidance has been used for treatment of outlet obstruction with …","Outlet obstruction is a major cause of chronic constipation. The mainstay for therapy is biofeedback, but only 50% of patients respond initially and <25% have long-term response to biofeedback. Injection of botulinum toxin with digital guidance has been used for treatment of outlet obstruction with …",True,True,"{""fuzzy_ratio"": 0.285, ""gold_on_page"": true, ""parser_on_page"": true}",
10.1016/j.hlc.2020.05.065,https://doi.org/10.1016/j.hlc.2020.05.065,abstract,fuzzy=0.378 length_ratio=4.272 match@0.74=False,both_on_page_format_diff,fix_gold,"Cardiac Magnetic Resonance (CMR) imaging is increasingly utilised to assess the aetiology and severity of cardiomyopathies. Non-ischaemic cardiomyopathy (NICM) is a heterogeneous condition, with varying clinical and demographic factors influencing outcome. This study assesses differences in clinical…","Cardiac Magnetic Resonance (CMR) imaging is increasingly utilised to assess the aetiology and severity of cardiomyopathies. Non-ischaemic cardiomyopathy (NICM) is a heterogeneous condition, with varying clinical and demographic factors influencing outcome. This study assesses differences in clinical…",True,True,"{""fuzzy_ratio"": 0.378, ""gold_on_page"": true, ""parser_on_page"": true}",
10.1016/j.hpb.2018.06.1506,https://doi.org/10.1016/j.hpb.2018.06.1506,abstract,fuzzy=0.324 length_ratio=5.174 match@0.74=False,both_on_page_format_diff,fix_gold,Introduction: Early cholecystectomy decreases biliary events comparing with delayed cholecystectomy after ERCP. Some authors have reported a relationship between ERCP previous surgery and the intraoperative difficulty to perform surgery. There are no data about readmission after cholecystectomy acco…,Introduction: Early cholecystectomy decreases biliary events comparing with delayed cholecystectomy after ERCP. Some authors have reported a relationship between ERCP previous surgery and the intraoperative difficulty to perform surgery. There are no data about readmission after cholecystectomy acco…,True,True,"{""fuzzy_ratio"": 0.324, ""gold_on_page"": true, ""parser_on_page"": true}",
10.1016/j.ijcard.2013.04.029,https://doi.org/10.1016/j.ijcard.2013.04.029,abstract,fuzzy=0.448 length_ratio=3.462 match@0.74=False,both_on_page_format_diff,fix_gold,"We have read the comments by Dr. Coats [1,2] in reaction to our article [3]. Dr. Coats found an error in our article in the second comment letter. Dr. Coats suggested that too much trust in PubMed may enter flaws into overviews including meta-analyses by errors in source data. We are grateful for hi…","We have read the comments by Dr. Coats [
      1


Coats A.J.

Reply to the Hong-Lin Chen article on CONSORT (2010) recommendations.
                  Int J Cardiol. 2012; 162 (15): 4-5


Abstract
Full Text
Full Text PDF
PubMed
Scopus (1)
Google Scholar



,
      2


Coats A.J.

Beware of puttin…",True,True,"{""fuzzy_ratio"": 0.448, ""gold_on_page"": true, ""parser_on_page"": true}",
10.1016/j.ijsolstr.2006.06.007,https://doi.org/10.1016/j.ijsolstr.2006.06.007,abstract,fuzzy=0.492 length_ratio=1.668 match@0.74=False,both_on_page_format_diff,fix_gold,"The one-dimensional free energy model for ferroelectric materials developed by Smith et al. [Smith, R.C., Seelecke, S., Ounaies, Z., 2002. A free energy model for hysteresis in ferroelectric materials. J. Intell. Mater. Syst. Struct. 14(11), 719–739] is extended to three dimensions to quantify the c…","The one-dimensional free energy model for ferroelectric materials developed by Smith et al. [Smith, R.C., Seelecke, S., Ounaies, Z., 2002. A free energy model for piezoceramic materials. In: 9th SPIE Conference on Smart Structures and Materials, San Diego, USA, pp. 17–22; Smith, R.C., Seelecke, S., …",True,True,"{""fuzzy_ratio"": 0.492, ""gold_on_page"": true, ""parser_on_page"": true}",
10.1016/j.jaci.2017.04.038,https://doi.org/10.1016/j.jaci.2017.04.038,abstract,fuzzy=0.660 length_ratio=2.023 match@0.74=False,both_on_page_format_diff,fix_gold,"Diesel exhaust particles (DEPs) are a major component of particulate matter in Europe's largest cities, and epidemiologic evidence links exposure with respiratory symptoms and asthma exacerbations. Respiratory reflexes are responsible for symptoms and are regulated by vagal afferent nerves, which in…","BackgroundDiesel exhaust particles (DEPs) are a major component of particulate matter in Europe's largest cities, and epidemiologic evidence links exposure with respiratory symptoms and asthma exacerbations. Respiratory reflexes are responsible for symptoms and are regulated by vagal afferent nerves…",True,True,"{""fuzzy_ratio"": 0.66, ""gold_on_page"": true, ""parser_on_page"": true}",
10.1016/j.jaci.2018.12.384,https://doi.org/10.1016/j.jaci.2018.12.384,abstract,fuzzy=0.298 length_ratio=5.713 match@0.74=False,both_on_page_format_diff,fix_gold,"The Asian population in the United States demonstrate similar levels of food allergy and eczema, but reduced rates of asthma when compared to the non-Hispanic white population. We explored the hypothesis that different phenotypes of allergic disease exist and differ by race.","The Asian population in the United States demonstrate similar levels of food allergy and eczema, but reduced rates of asthma when compared to the non-Hispanic white population. We explored the hypothesis that different phenotypes of allergic disease exist and differ by race.
Utilizing data from the …",True,True,"{""fuzzy_ratio"": 0.298, ""gold_on_page"": true, ""parser_on_page"": true}",
10.1016/j.jat.2015.02.005,https://doi.org/10.1016/j.jat.2015.02.005,abstract,fuzzy=0.668 length_ratio=0.883 match@0.74=False,both_on_page_format_diff,fix_gold,Let {λj}j=1∞ be a sequence of distinct positive numbers. We find explicit formulae for the orthogonal Dirichlet polynomials {ϕn} formed from linear combinations of {e−λjt}j=1∞ with respect to the Laguerre weight medδ. The associated sequence of orthonormal polynomials consists of Para-orthogonal pol…,"Let { λ j } j = 1 ∞ be a sequence of distinct positive numbers. We find explicit formulae for the orthogonal Dirichlet polynomials { ψ n } formed from linear combinations of { λ j − i t } j = 1 n , associated with the Laguerre weight. Thus ∫ 0 ∞ ψ n ( t ) ψ m ( t ) ¯ e − t d t = δ m n . In addition,…",True,True,"{""fuzzy_ratio"": 0.668, ""gold_on_page"": true, ""parser_on_page"": true}",
10.1016/j.jde.2019.06.001,https://doi.org/10.1016/j.jde.2019.06.001,abstract,fuzzy=0.497 length_ratio=1.071 match@0.74=False,both_on_page_format_diff,fix_gold,"In this paper, we define the transition semi-wave solution (cf. Definition 1.1) of the following reaction diffusion equation with free boundaries(1){ut=uxx+f(u,x),t>0,h0<x<h(t),u(t,h0)=u(t,h(t))=0,t>0,h′(t)=−μux(t,h(t)),t>0,u(0,x)=u0(x),h0<x<h(0),where μ>0 is a given constant and h0∈R∪{−∞}. We inves…","In this paper, we define the transition semi-wave solution (cf. Definition 1.1 ) of the following reaction diffusion equation with free boundaries (1) { u t = u x x + f ( t , x , u ) , t ∈ R , x < h ( t ) , u ( t , h ( t ) ) = 0 , t ∈ R , h ′ ( t ) = − μ u x ( t , h ( t ) ) , t ∈ R . In the homogene…",True,True,"{""fuzzy_ratio"": 0.497, ""gold_on_page"": true, ""parser_on_page"": true}",
10.1016/j.jece.2026.121318,https://doi.org/10.1016/j.jece.2026.121318,abstract,fuzzy=0.150 length_ratio=12.225 match@0.74=False,both_on_page_format_diff,fix_gold,The dwindling supply of freshwater has become a dire threat to enduring prosperity and the evolution of our global community in the 21st century. Harn…,"The dwindling supply of freshwater has become a dire threat to enduring prosperity and the evolution of our global community in the 21st century. Harnessing atmospheric moisture represents an auspicious strategy for addressing the water scarcity dilemma in underdeveloped regions, boasting advantages…",True,True,"{""fuzzy_ratio"": 0.15, ""gold_on_page"": true, ""parser_on_page"": true}",
10.1016/j.jhin.2007.02.012,https://doi.org/10.1016/j.jhin.2007.02.012,abstract,fuzzy=0.160 length_ratio=11.510 match@0.74=False,both_on_page_format_diff,fix_gold,"It has been described recently that the application of a specific propanol-based hand rub for surgical hand disinfection is equally effective according to EN 12791 in 1.5 min when compared with the traditionally recommended 3min.1,2 More data obtained with the test method of the US Food and Drug Adm…","It has been described recently that the application of a specific propanol-based hand
      rub for surgical hand disinfection is equally effective according to EN 12791 in 1.5
      min when compared with the traditionally recommended 3 min.
      1


Kampf G.
Ostermeyer C.
Heeg P.

Surgical han…",True,True,"{""fuzzy_ratio"": 0.16, ""gold_on_page"": true, ""parser_on_page"": true}",
10.1016/j.jobe.2024.109571,https://doi.org/10.1016/j.jobe.2024.109571,abstract,fuzzy=0.549 length_ratio=2.016 match@0.74=False,both_on_page_format_diff,fix_gold,Biocomposites are innovative materials usually made of natural fibers embedded in a natural matrix. The mechanical behavior of such materials when exposed to environmental aging is crucial for their use in structural applications. This paper presents an experimental investigation of the mechanical p…,"Biocomposites are innovative materials usually made of natural fibers embedded in a natural matrix. The mechanical behavior of such materials when exposed to the environmental agents (i.e. UV radiations, high/low temperature, variable humidity conditions) is a crucial issue. This paper is aimed to i…",True,True,"{""fuzzy_ratio"": 0.549, ""gold_on_page"": true, ""parser_on_page"": true}",
10.1016/j.joms.2007.06.259,https://doi.org/10.1016/j.joms.2007.06.259,abstract,fuzzy=0.225 length_ratio=7.904 match@0.74=False,both_on_page_format_diff,fix_gold,"In the maxillofacial region, distraction osteogenesis provides autologous and predictable bone formation without grafting procedures but requires a long treatment time which includes latent, lengthening, and consolidation periods.","In the maxillofacial region, distraction osteogenesis provides autologous and predictable bone formation without grafting procedures but requires a long treatment time which includes latent, lengthening, and consolidation periods.
Twelve adult male rabbits between 3.0 kg and 3.4 kg underwent bilater…",True,True,"{""fuzzy_ratio"": 0.225, ""gold_on_page"": true, ""parser_on_page"": true}",
10.1016/j.jpeds.2019.08.039,https://doi.org/10.1016/j.jpeds.2019.08.039,abstract,fuzzy=0.629 length_ratio=2.163 match@0.74=False,both_on_page_format_diff,fix_gold,To evaluate whether cystic fibrosis transmembrane conductance regulator (CFTR) variants are more common among individuals tested for primary ciliary dyskinesia (PCD) compared with controls. Data were studied from 1021 individuals with commercial genetic testing for suspected PCD and 91 777 controls …,"
Objective
To evaluate whether cystic fibrosis transmembrane conductance regulator (CFTR) variants are more common among individuals tested for primary ciliary dyskinesia
         (PCD) compared with controls.
Study design
Data were studied from 1021 individuals with commercial genetic testing for s…",True,True,"{""fuzzy_ratio"": 0.629, ""gold_on_page"": true, ""parser_on_page"": true}",
10.1016/j.jspi.2013.07.007,https://doi.org/10.1016/j.jspi.2013.07.007,abstract,fuzzy=0.531 length_ratio=1.126 match@0.74=False,both_on_page_format_diff,fix_gold,"We show that smoothing spline, intrinsic autoregression (IAR) and state-space model can be formulated as partially specified random-effect model with singular precision matrix. For completely specified random-effect model with nonsingular precision matrix, restricted maximum likelihood (REML) is a s…","We show that smoothing spline, intrinsic autoregression (IAR) and state-space model can be formulated as partially specified random-effect model with singular precision (SP). Various fitting methods have been suggested for the aforementioned models and this paper investigates the relationships among…",True,True,"{""fuzzy_ratio"": 0.531, ""gold_on_page"": true, ""parser_on_page"": true}",
10.1016/j.jstrokecerebrovasdis.2016.01.037,https://doi.org/10.1016/j.jstrokecerebrovasdis.2016.01.037,abstract,fuzzy=0.619 length_ratio=2.222 match@0.74=False,both_on_page_format_diff,fix_gold,"To examine the individual effect of elevated homocysteine and its combined effect with hypertension on early carotid artery atherosclerosis (ECAS). We recruited 1257 subjects from a community-based population in Beijing, China, aged 55 years and older. The definition of hyperhomocysteinemia was refe…","
Background
To examine the individual effect of elevated homocysteine and its combined effect
         with hypertension on early carotid artery atherosclerosis (ECAS).
Methods
We recruited 1257 subjects from a community-based population in Beijing, China, aged
         55 years and older. The defin…",True,True,"{""fuzzy_ratio"": 0.619, ""gold_on_page"": true, ""parser_on_page"": true}",
10.1016/j.jval.2014.08.635,https://doi.org/10.1016/j.jval.2014.08.635,abstract,fuzzy=0.399 length_ratio=4.010 match@0.74=False,both_on_page_format_diff,fix_gold,"Inadequate glycemic, blood pressure (BP), and low-density lipoprotein (LDL) control among persons with type 2 diabetes mellitus (T2DM) increases the risk of T2DM-related complications, which require more intensive and costly therapy. Extending on a recently-conducted study in Dubai, UAE, we assessed…","Inadequate glycemic, blood pressure (BP), and low-density lipoprotein (LDL) control among persons with type 2 diabetes mellitus (T2DM) increases the risk of T2DM-related complications, which require more intensive and costly therapy. Extending on a recently-conducted study in Dubai, UAE, we assessed…",True,True,"{""fuzzy_ratio"": 0.399, ""gold_on_page"": true, ""parser_on_page"": true}",
10.1016/j.jvs.2013.02.193,https://doi.org/10.1016/j.jvs.2013.02.193,abstract,fuzzy=0.458 length_ratio=3.363 match@0.74=False,both_on_page_format_diff,fix_gold,"Contrast Induced Nephropathy (CIN) is the third leading cause of hospital acquired renal failure, which is a common complication following endovascular surgery procedures. The mechanism of CIN is not fully understood. Adenosine receptors (AR) regulate various physiological activities in kidney. We h…","Contrast Induced Nephropathy (CIN) is the third leading cause of hospital acquired renal failure, which is a common complication following endovascular surgery procedures. The mechanism of CIN is not fully understood. Adenosine receptors (AR) regulate various physiological activities in kidney. We h…",True,True,"{""fuzzy_ratio"": 0.458, ""gold_on_page"": true, ""parser_on_page"": true}",
10.1016/j.laa.2024.03.010,https://doi.org/10.1016/j.laa.2024.03.010,abstract,fuzzy=0.576 length_ratio=2.004 match@0.74=False,both_on_page_format_diff,fix_gold,"In this work, we provide some further refinements for the following concavity inequality AσB+CσD≤(A+C)σ(B+D) for positive invertible bounded linear operators A, B, C, D and σ∈(0,1]. We also give further extensions and generalizations involving multiple operators and matrix means.","In this work, we provide some further refinements for the following concavity inequality A σ B + C σ D ≤ ( A + C ) σ ( B + D ) for positive invertible bounded linear operators A , B , C , D on a complex Hilbert space and for an operator mean σ . To this end, we use the operator majorization intended…",True,True,"{""fuzzy_ratio"": 0.576, ""gold_on_page"": true, ""parser_on_page"": true}",
10.1016/j.na.2006.12.029,https://doi.org/10.1016/j.na.2006.12.029,abstract,fuzzy=0.576 length_ratio=1.651 match@0.74=False,both_on_page_format_diff,fix_gold,This paper addresses the robust stabilization and robust H∞ control problems of uncertain fuzzy delayed systems via a parallel distributed compensation (PDC) controller. The uncertainties are assumed to be time-varying and norm-bounded. New delay-dependent sufficient conditions for the solvability o…,"This paper addresses the robust stabilization and robust H ∞ control problems of uncertain fuzzy delayed systems via a parallel distributed compensation (PDC) scheme. The uncertainties are norm bounded, and the delay may be either constant or time varying, and either differentiable or non-differenti…",True,True,"{""fuzzy_ratio"": 0.576, ""gold_on_page"": true, ""parser_on_page"": true}",
10.1016/j.net.2023.05.017,https://doi.org/10.1016/j.net.2023.05.017,abstract,fuzzy=0.460 length_ratio=2.075 match@0.74=False,both_on_page_format_diff,fix_gold,"Nowadays, mobile robots have been used to search for uncontrolled radioactive source in indoor environments to avoid radiation exposure for technicians. To estimate the source location, mobile robots have to measure the radiation intensity in the environment autonomously. During this process, the mo…","Nowadays, mobile robots have been used to search for uncontrolled radioactive source in indoor environments to avoid radiation exposure for technicians. However, in the indoor environments, especially in the presence of obstacles, how to make the robots with limited sensing capabilities automaticall…",True,True,"{""fuzzy_ratio"": 0.46, ""gold_on_page"": true, ""parser_on_page"": true}",
10.1016/j.oooo.2012.03.025,https://doi.org/10.1016/j.oooo.2012.03.025,abstract,fuzzy=0.409 length_ratio=3.894 match@0.74=False,both_on_page_format_diff,fix_gold,"A 1-year-old male infant was referred to our hospital complaining of a painless swelling extending from the sublingual region to the floor of the mouth. His mother had first become aware of the anomaly 5 months previously, but she thought that her son's intraoral appearance was normal, so the lesion…","A 1-year-old male infant was referred to our hospital complaining of a painless swelling
      extending from the sublingual region to the floor of the mouth. His mother had first
      become aware of the anomaly 5 months previously, but she thought that her son's intraoral
      appearance was nor…",True,True,"{""fuzzy_ratio"": 0.409, ""gold_on_page"": true, ""parser_on_page"": true}",
10.1016/j.physletb.2016.03.083,https://doi.org/10.1016/j.physletb.2016.03.083,abstract,fuzzy=0.491 length_ratio=0.358 match@0.74=False,both_on_page_format_diff,fix_gold,"We apply the differential equation method to the calculation of the total Born cross section of the process Z1Z2→Z1Z2e+e−. We obtain explicit expressions for the total cross sections σtot as function of the center of mass energy √s and collision charges Z1, Z2 and their derivatives with respect to √…",We apply the differential equation method to the calculation of the total Born cross section of the process Z 1 Z 2 → Z 1 Z 2 e + e − . We obtain explicit expression for the cross section exact in the relative velocity of the nuclei.,True,True,"{""fuzzy_ratio"": 0.491, ""gold_on_page"": true, ""parser_on_page"": true}",
10.1016/j.rinam.2023.100416,https://doi.org/10.1016/j.rinam.2023.100416,abstract,fuzzy=0.489 length_ratio=1.556 match@0.74=False,both_on_page_format_diff,fix_gold,"The good Boussinesq equation, a modification of the Boussinesq equation, aims to enhance predictions about shallow water wave behavior. This paper intends to investigate the distinct categories of solitary wave solutions for the good Boussinesq (gB) equation utilizing recently developed computationa…","The good Boussinesq equation, a modification of the Boussinesq equation, aims to enhance predictions about shallow water wave behavior. This paper introduces two finite difference schemes for solving the good Boussinesq equation including linear and nonlinear implicit finite difference methods . Bot…",True,True,"{""fuzzy_ratio"": 0.489, ""gold_on_page"": true, ""parser_on_page"": true}",
10.1016/j.rinp.2025.108130,https://doi.org/10.1016/j.rinp.2025.108130,abstract,fuzzy=0.184 length_ratio=9.882 match@0.74=False,both_on_page_format_diff,fix_gold,Electroluminescence quantum dot light-emitting diodes (QD-LEDs) have attracted significant attention as self-emissive pixel devices for next-generation displays.,"Electroluminescence quantum dot light-emitting diodes (QD-LEDs) have attracted significant attention as self-emissive pixel devices for next-generation displays, owing to their wide colour selectivity and high colour purity. In this study, we developed a computational framework to analyse the optica…",True,True,"{""fuzzy_ratio"": 0.184, ""gold_on_page"": true, ""parser_on_page"": true}",
10.1016/j.sandf.2021.06.004,https://doi.org/10.1016/j.sandf.2021.06.004,abstract,fuzzy=0.496 length_ratio=0.674 match@0.74=False,both_on_page_format_diff,fix_gold,Pile foundations are widely designed extending principles of saturated soil mechanics assuming drained conditions (i.e. effective stress) even in expansive soils exhibiting unsaturated characteristics. The wetting-induced volume changes and shear strength evolution caused by environmental (i.e. rain…,Pile foundations are widely designed extending principles of saturated soil mechanics assuming drained conditions (i.e. effective stress) even in expansive soil deposits despite the fact the soil around the pile is in a state of unsaturated condition. The mechanical behavior of in-situ pile foundati…,True,True,"{""fuzzy_ratio"": 0.496, ""gold_on_page"": true, ""parser_on_page"": true}",
10.1016/j.surg.2009.11.020,https://doi.org/10.1016/j.surg.2009.11.020,abstract,fuzzy=0.623 length_ratio=2.207 match@0.74=False,both_on_page_format_diff,fix_gold,Primary hyperaldosteronism (PHA) is potentially curable by laparoscopic unilateral adrenalectomy (LUA). Pre-operative assessment rarely differentiates adrenal adenoma from hyperplasia. This study aimed to evaluate the results of LUA for PHA according to pathologic findings when an adrenal mass was i…,"
Background
Primary hyperaldosteronism (PHA) is potentially curable by laparoscopic unilateral
         adrenalectomy (LUA). Pre-operative assessment rarely differentiates adrenal adenoma
         from hyperplasia. This study aimed to evaluate the results of LUA for PHA according
         to patholo…",True,True,"{""fuzzy_ratio"": 0.623, ""gold_on_page"": true, ""parser_on_page"": true}",
10.1016/j.thromres.2007.04.013,https://doi.org/10.1016/j.thromres.2007.04.013,abstract,fuzzy=0.201 length_ratio=8.940 match@0.74=False,both_on_page_format_diff,fix_gold,"Thrombus formation in a disrupted atherosclerotic plaque is initiated when plasma factor (F) VII binds tissue factor (TF) on endothelial cells or after injury. The resulting complex (TF-FVIIa) activates FIX and FX, resulting in thrombin generation and fibrin clot formation [1]. Normal endothelial ce…","Thrombus formation in a disrupted atherosclerotic plaque is initiated when plasma
      factor (F) VII binds tissue factor (TF) on endothelial cells or after injury. The
      resulting complex (TF-FVIIa) activates FIX and FX, resulting in thrombin generation
      and fibrin clot formation [
      …",True,True,"{""fuzzy_ratio"": 0.201, ""gold_on_page"": true, ""parser_on_page"": true}",
10.1016/j.ultrasmedbio.2006.02.587,https://doi.org/10.1016/j.ultrasmedbio.2006.02.587,abstract,fuzzy=0.143 length_ratio=12.991 match@0.74=False,both_on_page_format_diff,fix_gold,"Objectives: To evaluate the efficacy and complication rates of transjugular liver biopsy (TJLB), using ultrasound (USG) as an alternative method versus fluoroscopy, for confirmation of the biopsy needle location.","Objectives: To evaluate the efficacy and complication rates of transjugular liver biopsy (TJLB), using ultrasound (USG) as an alternative method versus fluoroscopy, for confirmation of the biopsy needle location.Methods: A retrospective study on 72 patients underwent TJLB in Department of Radiology,…",True,True,"{""fuzzy_ratio"": 0.143, ""gold_on_page"": true, ""parser_on_page"": true}",
10.1016/s0002-9394(14)71093-1,https://doi.org/10.1016/s0002-9394(14)71093-1,abstract,fuzzy=0.641 length_ratio=2.123 match@0.74=False,both_on_page_format_diff,fix_gold,"Purpose
To report complete superonasal retinal arterial occlusion with resulting temporal visual field loss after uneventful pars plana vitrectomy with gas-fluid exchange.
Method
Case report.
Results
Superonasal retinal arterial occlusion was observed 12 days after vitrectomy surgery. Within 10 week…","
Purpose
To report complete superonasal retinal arterial occlusion with resulting temporal
         visual field loss after uneventful pars plana vitrectomy with gas-fluid exchange.
Method
Case report.
Results
Superonasal retinal arterial occlusion was observed 12 days after vitrectomy surgery.
    …",True,True,"{""fuzzy_ratio"": 0.641, ""gold_on_page"": true, ""parser_on_page"": true}",
10.1016/s0012-3692(15)34463-9,https://doi.org/10.1016/s0012-3692(15)34463-9,abstract,fuzzy=0.632 length_ratio=2.166 match@0.74=False,both_on_page_format_diff,fix_gold,"Objective
To contribute to the knowledge on the therapeutic value of lung volume reduction surgery (LVRS)
Design
Two similar, independently conceived and conducted, multicenter, randomized clinical trials
Setting
The Canadian Lung Volume Reduction (CLVR) study and the Overholt-Blue Cross Emphysema S…","
Objective
To contribute to the knowledge on the therapeutic value of lung volume reduction surgery
         (LVRS)
Design
Two similar, independently conceived and conducted, multicenter, randomized clinical
         trials
Setting
The Canadian Lung Volume Reduction (CLVR) study and the Overholt-Blu…",True,True,"{""fuzzy_ratio"": 0.632, ""gold_on_page"": true, ""parser_on_page"": true}",
10.1016/s0097-3165(03)00099-2,https://doi.org/10.1016/s0097-3165(03)00099-2,abstract,fuzzy=0.523 length_ratio=0.990 match@0.74=False,both_on_page_format_diff,fix_gold,"Let G be an additive abelian group whose finite subgroups are all cyclic. Let A1,…,An(n>1) be finite subsets of G with cardinality k>0, and let b1,…,bn∈G. In this paper we show that if A1,…,An(n>1) satisfy k(k−1)+2<∑nj=1{aj∈Aj:aj≠bj} then {a1+⋯+an:a1∈A1,…,an∈An and ai≠bi for every i}=G. This has the…","Let G be an additive abelian group whose finite subgroups are all cyclic. Let A 1 ,…,A n (n>1) be finite subsets of G with cardinality k >0, and let b 1 ,…, b n be pairwise distinct elements of G with odd order. We show that for every positive integer m ⩽( k −1)/( n −1) there are more than (k−1)n−(m…",True,True,"{""fuzzy_ratio"": 0.523, ""gold_on_page"": true, ""parser_on_page"": true}",
10.1016/s0923-7534(21)00481-6,https://doi.org/10.1016/s0923-7534(21)00481-6,abstract,fuzzy=0.273 length_ratio=6.336 match@0.74=False,both_on_page_format_diff,fix_gold,"Background We assessed the relationship between primary tumor18F-fluorodeoxyglucose (FDG) uptake expressed as the maximum standardized uptake value (SUV max), primary tumor response, and survival in patients with cervical cancer on pretreatment and posttreatment positron emission tomography-computed…","Background We assessed the relationship between primary tumor18F-fluorodeoxyglucose (FDG) uptake expressed as the maximum standardized uptake value (SUV max), primary tumor response, and survival in patients with cervical cancer on pretreatment and posttreatment positron emission tomography-computed…",True,True,"{""fuzzy_ratio"": 0.273, ""gold_on_page"": true, ""parser_on_page"": true}",
10.1016/s1556-0864(23)00328-3,https://doi.org/10.1016/s1556-0864(23)00328-3,abstract,fuzzy=0.372 length_ratio=4.371 match@0.74=False,both_on_page_format_diff,fix_gold,"ICI is proposed as the standard treatment for metastatic NSCLC in first-line and subsequent indications. It has different adverse effects with respect to traditional antineoplastics, given the stimulation of the immune system. Objective: analyze whether patients with a good prognosis lung cancer imm…","ICI is proposed as the standard treatment for metastatic NSCLC in first-line and subsequent indications. It has different adverse effects with respect to traditional antineoplastics, given the stimulation of the immune system. Objective: analyze whether patients with a good prognosis lung cancer imm…",True,True,"{""fuzzy_ratio"": 0.372, ""gold_on_page"": true, ""parser_on_page"": true}",
10.1016/s2215-0366(20)30470-3,https://doi.org/10.1016/s2215-0366(20)30470-3,abstract,fuzzy=0.615 length_ratio=2.253 match@0.74=False,both_on_page_format_diff,fix_gold,"Before refugees migrate, stressors such as enduring violence, conflict, and trauma can affect them in their countries of origin and in refugee camps. After refugees have settled in their new homelands, various post-migration factors, such as poverty, discrimination, and social isolation, influence t…","Before refugees migrate, stressors such as enduring violence, conflict, and trauma
      can affect them in their countries of origin and in refugee camps. After refugees
      have settled in their new homelands, various post-migration factors, such as poverty,
      discrimination, and social isol…",True,True,"{""fuzzy_ratio"": 0.615, ""gold_on_page"": true, ""parser_on_page"": true}",
10.1016/j.jtho.2018.03.015,https://doi.org/10.1016/j.jtho.2018.03.015,abstract,fuzzy=0.068 length_ratio=28.238 match@0.74=False,different_language,fix_gold,"Malignant pleural mesothelioma (MPM) is a particularly aggressive tumor; it is asbestos related, arising from mesothelial cells of the pleura. In MPM conventional therapies are often ineffective, and early estimation of tumor progression acquires great clinical importance.","Malignant pleural mesothelioma (MPM) is a particularly aggressive tumor; it is asbestos related, arising from mesothelial cells of the pleura. In MPM conventional therapies are often ineffective, and early estimation of tumor progression acquires great clinical importance.1Opitz I. Friess M. Kestenh…",,,"{""jaccard"": 0.07852193995381063, ""gold_len"": 273, ""parsed_len"": 7709}",
10.1016/s0002-9440(10)64321-0,https://doi.org/10.1016/s0002-9440(10)64321-0,abstract,fuzzy=0.056 length_ratio=34.650 match@0.74=False,different_language,fix_gold,"The effective phagocytotic clearance of apoptotic debris is fundamental to the maintenance of neural tissues during apoptosis. Retinal photoreceptors undergo apoptosis after retinal detachment. Although their induction phase of apoptosis has been well discussed, their phagocytotic process remains qu…","The effective phagocytotic clearance of apoptotic debris is fundamental to the maintenance of neural tissues during apoptosis. Retinal photoreceptors undergo apoptosis after retinal detachment. Although their induction phase of apoptosis has been well discussed, their phagocytotic process remains qu…",,,"{""jaccard"": 0.07119386637458927, ""gold_len"": 1508, ""parsed_len"": 52252}",
10.1016/0005-2728(96)00008-4,https://doi.org/10.1016/0005-2728(96)00008-4,abstract,fuzzy=0.000 length_ratio=0.000 match@0.74=False,gold_string_not_on_page,fix_gold,,"We have analyzed the effects of n -hexane, 1-hexanethiol, and 1-hexanol on the coupled respiration of rat liver mitochondria. Incubation of mitochondria with n -hexane, 1-hexanethiol and 1-hexanol resulted in a stimulation, at low concentrations, and an inhibition, at high concentrations, of the sta…",False,True,"{""fuzzy_ratio"": 0.0, ""gold_on_page"": false, ""parser_on_page"": true}",
10.1016/0008-6223(93)90006-v,https://doi.org/10.1016/0008-6223(93)90006-v,abstract,fuzzy=0.000 length_ratio=0.000 match@0.74=False,gold_string_not_on_page,fix_gold,,Vapor-grown carbon fibers (VGCFs) were prepared using floating catalysts in Linz-Donawitz converter gas (LDG) under several conditions for supplying a benzene solution containing catalyst precursors. The size of the catalyst particles remaining inside the resulting fibers was determined. The yield o…,False,True,"{""fuzzy_ratio"": 0.0, ""gold_on_page"": false, ""parser_on_page"": true}",
10.1016/0013-4686(80)87057-5,https://doi.org/10.1016/0013-4686(80)87057-5,abstract,fuzzy=0.000 length_ratio=0.000 match@0.74=False,gold_string_not_on_page,fix_gold,,"The dissociation constants of phosphoric acid have been determined in methanol-water mixtures (8.0–87% by weight of methanol) by the method suggested by Gelb. The results have been verified by Fuoss—Kraus method. Δ 0 values of HClO 4 , KClO 4 and KH 2 PO 4 (and hence of H 3 PO 4 ) in mixed solvents …",False,True,"{""fuzzy_ratio"": 0.0, ""gold_on_page"": false, ""parser_on_page"": true}",
10.1016/0022-3697(82)90158-5,https://doi.org/10.1016/0022-3697(82)90158-5,abstract,fuzzy=0.000 length_ratio=0.000 match@0.74=False,gold_string_not_on_page,fix_gold,,"The absorption and fluorescence spectra of a UO 2 (NO 3 ) 2 .6H 2 O single crystal at 77 K agree with those reported previously. Analysis of the absorption spectrum yielded four electronic levels at 20590, 20625, 21474 and 23240 cm -1 . The doublet at 20590 and 20625 cm −1 converged to form a single…",False,True,"{""fuzzy_ratio"": 0.0, ""gold_on_page"": false, ""parser_on_page"": true}",
10.1016/0025-5408(93)90125-w,https://doi.org/10.1016/0025-5408(93)90125-w,abstract,fuzzy=0.000 length_ratio=0.000 match@0.74=False,gold_string_not_on_page,fix_gold,,Barium hexaferrite and hexaaluminate are of hexagonal symmetry ( P 6 3 mmc ) with a structure respectively of magnetoplumbite (MP) and ß-alumina (ß) type. The BaAl x Fe 12−x O 19 phases (BAF) have been synthesized by solid state reactions at high temperatures (1350°C – 1500°C). The X-ray powder diff…,False,True,"{""fuzzy_ratio"": 0.0, ""gold_on_page"": false, ""parser_on_page"": true}",
10.1016/0039-6028(94)00517-6,https://doi.org/10.1016/0039-6028(94)00517-6,abstract,fuzzy=0.000 length_ratio=0.000 match@0.74=False,gold_string_not_on_page,fix_gold,,"Chlorine adsorbed silicon (111) surfaces are studied with a scanning tunneling microscope before and after weak irradiation of ultraviolet, visible and infrared light. We found that di- and tri- chlorinated silicon adatoms are desorbed out after ultraviolet light irradiation, resulting in the format…",False,True,"{""fuzzy_ratio"": 0.0, ""gold_on_page"": false, ""parser_on_page"": true}",
10.1016/0041-624x(70)90615-3,https://doi.org/10.1016/0041-624x(70)90615-3,abstract,fuzzy=0.000 length_ratio=0.000 match@0.74=False,gold_string_not_on_page,fix_gold,,"Previous research has indicated that acoustic energy is capable of accelerating the drying rates of coal fines. 1,2 In the present study, efforts were made to determine the amount of increase in drying rate which could be provided by acoustic treatment under various conditions, and to test the feasi…",False,True,"{""fuzzy_ratio"": 0.0, ""gold_on_page"": false, ""parser_on_page"": true}",
10.1016/0165-0270(93)90110-d,https://doi.org/10.1016/0165-0270(93)90110-d,abstract,fuzzy=0.000 length_ratio=0.000 match@0.74=False,gold_string_not_on_page,fix_gold,,"An algorithm based on the Kalman filter and used for tracking a target in a noisy environment has been applied to monitoring the position of moving boundaries as recorded by a video camera. The method, termed the Probabilistic Data Association Filter, is computationally efficient, allowing simultane…",False,True,"{""fuzzy_ratio"": 0.0, ""gold_on_page"": false, ""parser_on_page"": true}",
10.1016/0167-2681(93)90070-6,https://doi.org/10.1016/0167-2681(93)90070-6,abstract,fuzzy=0.000 length_ratio=0.000 match@0.74=False,gold_string_not_on_page,fix_gold,,"A steady-state, random-matching game model is used to described bargaining in a large population, where bargainers choose rules of thumb to apply across the board in a class of bargaining situations they face. The unique population equilibrium rule distributions are computed for certain cases of the…",False,True,"{""fuzzy_ratio"": 0.0, ""gold_on_page"": false, ""parser_on_page"": true}",
10.1016/0301-0104(90)85033-s,https://doi.org/10.1016/0301-0104(90)85033-s,abstract,fuzzy=0.000 length_ratio=0.000 match@0.74=False,gold_string_not_on_page,fix_gold,,"The exciplex emission in the 2-naphthol-triethylamine (2N-P-TEA) system is actually due to excitation of the ground-state hydrogen-bonded complex (GHBC) except in polar solvents, where the exciplex is formed through encounter in the excited state. The dipole moments in the ground and excited states …",False,True,"{""fuzzy_ratio"": 0.0, ""gold_on_page"": false, ""parser_on_page"": true}",
10.1016/0304-3878(85)90063-x,https://doi.org/10.1016/0304-3878(85)90063-x,abstract,fuzzy=0.000 length_ratio=0.000 match@0.74=False,gold_string_not_on_page,fix_gold,,"This paper describes the crawling/galloping peg as a reaction function to international reserves shocks, aimed at restoring a desired level of reserves. The estimation of devaluation rules for Argentina, Brazil, Chile and Uruguay in the 1970's reveal well defined and systematic characteristics. For …",False,True,"{""fuzzy_ratio"": 0.0, ""gold_on_page"": false, ""parser_on_page"": true}",
10.1016/0306-9877(95)90138-8,https://doi.org/10.1016/0306-9877(95)90138-8,abstract,fuzzy=0.000 length_ratio=0.000 match@0.74=False,gold_string_not_on_page,fix_gold,,"It is generally assumed that adrenocorticotrophic hormone (ACTH) is responsible for the modulation of glucocorticoid secretion from the adrenal cortex. However, under resting or basal conditions, cortisol secretion in the human may be controlled by noradrenergic nerves which regulate adrenal respons…",False,True,"{""fuzzy_ratio"": 0.0, ""gold_on_page"": false, ""parser_on_page"": true}",
10.1016/0364-6408(83)90016-9,https://doi.org/10.1016/0364-6408(83)90016-9,abstract,fuzzy=0.000 length_ratio=0.000 match@0.74=False,gold_string_not_on_page,fix_gold,,"The Publisher's Association in London administers the Net Book Agreement, which prohibits British booksellers from offering discounts. An exception permits 10% discounts to British public and university libraries which apply for licenses. The writer describes his trip to London in July 1983 to lobby…",False,True,"{""fuzzy_ratio"": 0.0, ""gold_on_page"": false, ""parser_on_page"": true}",
10.1016/b978-0-08-033913-9.50049-x,https://doi.org/10.1016/b978-0-08-033913-9.50049-x,abstract,fuzzy=0.000 length_ratio=0.000 match@0.74=False,gold_string_not_on_page,fix_gold,,"Publisher Summary The chapter discusses some examples of assessment items used in the Science and Technology in Society project. This UK project provides resource materials which relate industrial, technological, social and economic aspects to the science topics in the normal school curriculum. It a…",False,True,"{""fuzzy_ratio"": 0.0, ""gold_on_page"": false, ""parser_on_page"": true}",
10.1016/b978-0-408-10641-2.50069-0,https://doi.org/10.1016/b978-0-408-10641-2.50069-0,abstract,fuzzy=0.000 length_ratio=0.000 match@0.74=False,gold_string_not_on_page,fix_gold,,"Digestibility and utilization of energy by dairy cows on a diet rich in concentrates were studied in a 3 × 3 Latin square design. The concentrates used contained either 5% or no animal tallow or soya bean oil. Fat supplementation increased digestibility of lipids, but did not alter the digestibility…",False,True,"{""fuzzy_ratio"": 0.0, ""gold_on_page"": false, ""parser_on_page"": true}",
10.1016/j.ajoint.2025.100191,https://doi.org/10.1016/j.ajoint.2025.100191,abstract,fuzzy=0.000 length_ratio=0.000 match@0.74=False,gold_string_not_on_page,fix_gold,,"Purpose To investigate the infectious keratitis profile, causative agents, underlying risk factors, and clinical outcomes reported over 5 years in Qatar. Design A retrospective cohort study. Methods A retrospective analysis of all patients who received treatment for infectious keratitis at Hamad Med…",False,True,"{""fuzzy_ratio"": 0.0, ""gold_on_page"": false, ""parser_on_page"": true}",
10.1016/j.annonc.2024.08.2199,https://doi.org/10.1016/j.annonc.2024.08.2199,abstract,fuzzy=0.000 length_ratio=0.000 match@0.74=False,gold_string_not_on_page,fix_gold,,"The combination of Pembrolizumab and Lenvatinib shows synergy in treatment of advanced
microsatellite stable (MSS) or proficient mismatch repair (pMMR) endometrial cancer,
yet only one-third of patients achieve a lasting response. Research into microenvironmental
factors seeks to identify markers to…",False,True,"{""fuzzy_ratio"": 0.0, ""gold_on_page"": false, ""parser_on_page"": true}",
10.1016/j.anplas.2016.07.022,https://doi.org/10.1016/j.anplas.2016.07.022,abstract,fuzzy=0.000 length_ratio=0.000 match@0.74=False,gold_string_not_on_page,fix_gold,,"Résumé Les traumatismes de la face sont fréquents chez l’enfant et souvent banalisés. La face, très vascularisée, est le siège de saignements impressionnants sur le lieu de l’accident mais souvent sous-estimés chez l’enfant car il existe une vasoconstriction artérielle immédiate très développée. La …",False,True,"{""fuzzy_ratio"": 0.0, ""gold_on_page"": false, ""parser_on_page"": true}",
10.1016/j.applanim.2024.106180,https://doi.org/10.1016/j.applanim.2024.106180,abstract,fuzzy=0.000 length_ratio=0.000 match@0.74=False,gold_string_not_on_page,fix_gold,,"Blindfolds have commonly been suggested to make horses more tractable in emergency or high-stress situations such as barn fire evacuations or trailer loading. However, little research has been done on the veracity of this claim. Two studies were conducted to examine the impact of blindfolds on ease …",False,True,"{""fuzzy_ratio"": 0.0, ""gold_on_page"": false, ""parser_on_page"": true}",
10.1016/j.cej.2025.162449,https://doi.org/10.1016/j.cej.2025.162449,abstract,fuzzy=0.000 length_ratio=0.000 match@0.74=False,gold_string_not_on_page,fix_gold,,"High reactivity and dendrite issue of lithium anodes hinder the development of lithium metal batteries (LMBs). However, commercial polyolefin separators may accelerate Li dendrite growth due to insufficient electrolyte affinity and lack of ion transport induction. Herein, two novel phenolphthalein-b…",False,True,"{""fuzzy_ratio"": 0.0, ""gold_on_page"": false, ""parser_on_page"": true}",
10.1016/j.gimo.2023.100298,https://doi.org/10.1016/j.gimo.2023.100298,abstract,fuzzy=0.000 length_ratio=0.000 match@0.74=False,gold_string_not_on_page,fix_gold,,"Polygenic risk scores (PRS), if implemented appropriately and at scale, have the potential
to improve health outcomes by more precisely targeting medical interventions. The
ClinGen Actionability Working Group (AWG) is leveraging its expertise in evidence
synthesis and assessment to adapt and extend …",False,True,"{""fuzzy_ratio"": 0.0, ""gold_on_page"": false, ""parser_on_page"": true}",
10.1016/j.jalgebra.2005.03.006,https://doi.org/10.1016/j.jalgebra.2005.03.006,abstract,fuzzy=0.000 length_ratio=0.000 match@0.74=False,gold_string_not_on_page,fix_gold,,In this paper we improve and extend duality theorems for crossed products obtained by M. Koppinen (C. Chen) from the case of base fields (Dedekind domains) to the case of arbitrary Noetherian commutative ground rings under fairly weak conditions. In particular we extend an improved version of the ce…,False,True,"{""fuzzy_ratio"": 0.0, ""gold_on_page"": false, ""parser_on_page"": true}",
10.1016/j.jneuroim.2011.10.007,https://doi.org/10.1016/j.jneuroim.2011.10.007,abstract,fuzzy=0.000 length_ratio=0.000 match@0.74=False,gold_string_not_on_page,fix_gold,,The release of newly produced B and T lymphocytes from the production sites was analyzed in 30 multiple sclerosis patients treated with interferon-beta by measuring T-cell receptor excision circles and k-deleting recombination excision circles. We found that the therapy induces opposite effects on B…,False,True,"{""fuzzy_ratio"": 0.0, ""gold_on_page"": false, ""parser_on_page"": true}",
10.1016/j.jocn.2015.03.045,https://doi.org/10.1016/j.jocn.2015.03.045,abstract,fuzzy=0.000 length_ratio=0.000 match@0.74=False,gold_string_not_on_page,fix_gold,,"A previously fit and well 56-year-old man presented with a single episode of generalised
seizures that lasted 2–3seconds, without a focal onset. The patient recovered with
no neurological deficits. He had a similar episode of generalised seizures 18months
earlier and he had no further seizure episod…",False,True,"{""fuzzy_ratio"": 0.0, ""gold_on_page"": false, ""parser_on_page"": true}",
10.1016/j.jvn.2025.01.002,https://doi.org/10.1016/j.jvn.2025.01.002,abstract,fuzzy=0.000 length_ratio=0.000 match@0.74=False,gold_string_not_on_page,fix_gold,,"Objectives Adherence to peripheral arterial disease (PAD) treatment remains low, despite its benefit for secondary disease prevention. Currently, there is no qualitative research exploring why this is the case. This study aimed to explore patients’ lived experiences of PAD and its treatment, their m…",False,True,"{""fuzzy_ratio"": 0.0, ""gold_on_page"": false, ""parser_on_page"": true}",
10.1016/j.sajb.2024.10.005,https://doi.org/10.1016/j.sajb.2024.10.005,abstract,fuzzy=0.000 length_ratio=0.000 match@0.74=False,gold_string_not_on_page,fix_gold,,"This research evaluated the commercial viability of using different concentrations of gum Arabic (GA) based edible coatings on ‘African Delight™’ plums in a commercial packhouse environment. The coatings tested were GA 2 %, GA 5 %, GA 10 %, GA 5 % with pomegranate seed oil, and GA 5 % with ascorbic …",False,True,"{""fuzzy_ratio"": 0.0, ""gold_on_page"": false, ""parser_on_page"": true}",
10.1016/s0040-4039(00)61634-9,https://doi.org/10.1016/s0040-4039(00)61634-9,abstract,fuzzy=0.000 length_ratio=0.000 match@0.74=False,gold_string_not_on_page,fix_gold,,A stereoselective synthesis of an aminodiol derivative (dipeptide mimic) has been developed via iterative homologation of protected cyclohexylalaninal (Dondoni reaction).,False,True,"{""fuzzy_ratio"": 0.0, ""gold_on_page"": false, ""parser_on_page"": true}",
10.1016/s0040-4039(00)78471-1,https://doi.org/10.1016/s0040-4039(00)78471-1,abstract,fuzzy=0.000 length_ratio=0.000 match@0.74=False,gold_string_not_on_page,fix_gold,,"The control of the stereochemistry at C-1 of cis -perhydroindane compounds, required for the synthesis of cardenolide analogs, has been achieved by epimerization of the dithiane derivative at C-5. Molecular modeling of this kind of compounds predicted the higher stability of the C-1-β-epimer in this…",False,True,"{""fuzzy_ratio"": 0.0, ""gold_on_page"": false, ""parser_on_page"": true}",
10.1016/s0049-237x(08)71424-1,https://doi.org/10.1016/s0049-237x(08)71424-1,abstract,fuzzy=0.000 length_ratio=0.000 match@0.74=False,gold_string_not_on_page,fix_gold,,"Publisher Summary This chapter discusses the theory of consequences. The notion of consequence, in its generic meaning, is the fundamental conception of formal logic. This was as true of ancient and mediaeval logic as it is of contemporary systems. The laws of syllogism are laws of consequence, in t…",False,True,"{""fuzzy_ratio"": 0.0, ""gold_on_page"": false, ""parser_on_page"": true}",
10.1016/s0091-6749(22)01434-8,https://doi.org/10.1016/s0091-6749(22)01434-8,abstract,fuzzy=0.000 length_ratio=0.000 match@0.74=False,gold_string_not_on_page,fix_gold,,"Get your choice of ticketed sessions and housing options for the 2023 AAAAI Annual
Meeting, being held February 24-27 in San Antonio, Texas. Registration and housing
are now open to all delegates at annualmeeting.aaaai.org.",False,True,"{""fuzzy_ratio"": 0.0, ""gold_on_page"": false, ""parser_on_page"": true}",
10.1016/s0921-4534(97)00165-2,https://doi.org/10.1016/s0921-4534(97)00165-2,abstract,fuzzy=0.000 length_ratio=0.000 match@0.74=False,gold_string_not_on_page,fix_gold,,"Evidence for the plastic vortex liquid and its transition to a plastic solid for YBa 2 Cu 3 O 7− x (YBCO) is given based on measurements of the effects of the ac field amplitude, frequency and do field Bd on the ac susceptibility. The time scale t 0 and effective activation energies U ( Bd, j) of vo…",False,True,"{""fuzzy_ratio"": 0.0, ""gold_on_page"": false, ""parser_on_page"": true}",
10.1016/s0924-9338(15)30561-7,https://doi.org/10.1016/s0924-9338(15)30561-7,abstract,fuzzy=0.000 length_ratio=0.000 match@0.74=False,gold_string_not_on_page,fix_gold,,"Introduction Modern diagnostic categorical systematics does not always distinguish separate mental disorders, and in case of depression and anxiety they often have comorbid character. Objectives To investigate the correlation between the level of anxiety and depression with varying degrees of severi…",False,True,"{""fuzzy_ratio"": 0.0, ""gold_on_page"": false, ""parser_on_page"": true}",
10.1016/s0953-7562(89)80079-6,https://doi.org/10.1016/s0953-7562(89)80079-6,abstract,fuzzy=0.000 length_ratio=0.000 match@0.74=False,gold_string_not_on_page,fix_gold,,"A technique is described for the production of mature pycnidia of Septoria tritici on wheat leaf extract medium. When two cultures of S. tritici from Israel, reisolated from 1 yr-old pycnidia, were produced on this medium, they maintained their virulence on a differential cultivar set. Long-term pre…",False,True,"{""fuzzy_ratio"": 0.0, ""gold_on_page"": false, ""parser_on_page"": true}",
10.1016/s1526-4114(15)30632-6,https://doi.org/10.1016/s1526-4114(15)30632-6,abstract,fuzzy=0.000 length_ratio=0.000 match@0.74=False,gold_string_not_on_page,fix_gold,,Caring for the Ages is the official newspaper of AMDA and provides long-term care professionals with timely and relevant news and commentary about clinical developments and about the impact of health care policy on long-term care medicine.,False,True,"{""fuzzy_ratio"": 0.0, ""gold_on_page"": false, ""parser_on_page"": true}",
10.1016/s1932-2275(19)30076-x,https://doi.org/10.1016/s1932-2275(19)30076-x,abstract,fuzzy=0.000 length_ratio=0.000 match@0.74=False,gold_string_not_on_page,fix_gold,,"LEE A. FLEISHER, MD, FACC, FAHA
Robert D. Dripps Professor and Chair of Anesthesiology and Critical Care, Professor of Medicine, Perelman School of Medicine, University of Pennsylvania, Philadelphia, Pennsylvania, USA
KARSTEN BARTELS, MD, PhD
Associate Professor of Anesthesiology, Psychiatry, Medici…",False,True,"{""fuzzy_ratio"": 0.0, ""gold_on_page"": false, ""parser_on_page"": true}",
10.1016/0266-4356(89)90143-5,https://doi.org/10.1016/0266-4356(89)90143-5,abstract,fuzzy=0.000 length_ratio=0.000 match@0.74=False,parser_string_not_on_page,fix_parser,"A case of bilateral acinic cell carcinoma occurring synchronously in the parotid glands is reported, treatment discussed and the literature reviewed.",,True,False,"{""fuzzy_ratio"": 0.0, ""gold_on_page"": true, ""parser_on_page"": false}",
10.1016/b978-0-12-394317-0.00012-1,https://doi.org/10.1016/b978-0-12-394317-0.00012-1,abstract,fuzzy=0.000 length_ratio=0.000 match@0.74=False,parser_string_not_on_page,fix_parser,"Due to its importance both in the clearance of pathogens that contribute as rheumatic etiological agents and in the disposal of apoptotic bodies and potential autoimmune initiators, deficiencies of the components of the lectin pathway of complement have been found to increase susceptibility and modu…",,True,False,"{""fuzzy_ratio"": 0.0, ""gold_on_page"": true, ""parser_on_page"": false}",
10.1016/j.ajt.2025.07.840,https://doi.org/10.1016/j.ajt.2025.07.840,abstract,fuzzy=0.000 length_ratio=0.000 match@0.74=False,parser_string_not_on_page,fix_parser,Purpose: The issue of donor discards needs to be put into historical context. This analysis was undertaken to understand better how kidney transplant donors have changed over 25 years.,,True,False,"{""fuzzy_ratio"": 0.0, ""gold_on_page"": true, ""parser_on_page"": false}",
10.1016/j.bonr.2022.101362,https://doi.org/10.1016/j.bonr.2022.101362,abstract,fuzzy=0.000 length_ratio=0.000 match@0.74=False,parser_string_not_on_page,fix_parser,"Background/Introduction: The skeleton is the most common site of secondary disease in breast cancer with over 70% of patients with advanced disease developing bone metastases. Bone spread results in skeletal related events (SREs) including spinal cord compression, bone fractures and hypercalcemia re…",,True,False,"{""fuzzy_ratio"": 0.0, ""gold_on_page"": true, ""parser_on_page"": false}",
10.1016/j.cahpu.2014.02.006,https://doi.org/10.1016/j.cahpu.2014.02.006,abstract,fuzzy=0.000 length_ratio=0.000 match@0.74=False,parser_string_not_on_page,fix_parser,"Les parents qui se rendent au service de protection maternelle et infantile avec leur nouveau-né cherchent une réponse à leurs questions et à leurs hésitations. Les conseils de professionnels sont souvent très attendus. Dans ce contexte, l'emmaillotage accompagné par la puéricultrice peut constituer…",,True,False,"{""fuzzy_ratio"": 0.0, ""gold_on_page"": true, ""parser_on_page"": false}",
10.1016/j.cahpu.2020.10.009,https://doi.org/10.1016/j.cahpu.2020.10.009,abstract,fuzzy=0.000 length_ratio=0.000 match@0.74=False,parser_string_not_on_page,fix_parser,"La réflexion organisée autour des événements indésirables rencontrés au sein du service de réanimation néonatale du centre hospitalier universitaire d'Angers (Maine-et-Loire) a conduit les infirmières puéricultrices investies dans le tutorat à mettre en place, après formation, un atelier de sensibil…",,True,False,"{""fuzzy_ratio"": 0.0, ""gold_on_page"": true, ""parser_on_page"": false}",
10.1016/j.earlhumdev.2010.09.336,https://doi.org/10.1016/j.earlhumdev.2010.09.336,abstract,fuzzy=0.000 length_ratio=0.000 match@0.74=False,parser_string_not_on_page,fix_parser,"The objective is to review the small preterms that admitted to our Neonatal Intensive Care Unit (NICU), and to evaluate their mortality and morbidity. In this study, preterm infants with gestational age less than 34 weeks, hospitalized in our NICU between June 2007 and June 2009, were evaluated retr…",,True,False,"{""fuzzy_ratio"": 0.0, ""gold_on_page"": true, ""parser_on_page"": false}",
10.1016/j.ijscr.2021.106235,https://doi.org/10.1016/j.ijscr.2021.106235,abstract,fuzzy=0.000 length_ratio=0.000 match@0.74=False,parser_string_not_on_page,fix_parser,"Obesity has been proven to have adverse effects on fertility and is one of the predisposing factors for delay in pregnancy even with the use of assisted reproductive technique. There are many pathways in which obesity can affect fertility such as anovulation, poor implantation and low-quality oocyte…",,True,False,"{""fuzzy_ratio"": 0.0, ""gold_on_page"": true, ""parser_on_page"": false}",
10.1016/j.jaci.2011.03.034,https://doi.org/10.1016/j.jaci.2011.03.034,abstract,fuzzy=0.000 length_ratio=0.000 match@0.74=False,parser_string_not_on_page,fix_parser,To the Editor:,,True,False,"{""fuzzy_ratio"": 0.0, ""gold_on_page"": true, ""parser_on_page"": false}",
10.1016/j.jacr.2009.02.005,https://doi.org/10.1016/j.jacr.2009.02.005,abstract,fuzzy=0.000 length_ratio=0.000 match@0.74=False,parser_string_not_on_page,fix_parser,"Thanks to Peter Marcovici, MD, for his comments reflecting his and his department's experience with speech recognition (SR).",,True,False,"{""fuzzy_ratio"": 0.0, ""gold_on_page"": true, ""parser_on_page"": false}",
10.1016/j.jamcollsurg.2016.09.010,https://doi.org/10.1016/j.jamcollsurg.2016.09.010,abstract,fuzzy=0.000 length_ratio=0.000 match@0.74=False,parser_string_not_on_page,fix_parser,"Prophylactic anticoagulation is routinely used in the inpatient setting; however, the use of post-discharge prophylaxis remains severely underused in practice. We performed a single-institution retrospective, nonrandomized, pre- and post-intervention analysis of a systematic post-discharge pharmacol…",,True,False,"{""fuzzy_ratio"": 0.0, ""gold_on_page"": true, ""parser_on_page"": false}",
10.1016/j.jcrs.2018.08.037,https://doi.org/10.1016/j.jcrs.2018.08.037,abstract,fuzzy=0.000 length_ratio=0.000 match@0.74=False,parser_string_not_on_page,fix_parser,Purpose: To examine the long-term effect of femtosecond laser–assisted cataract surgery on intraocular pressure (IOP) in healthy and glaucomatous eyes in a retrospective case series. Methods: The study comprised patients aged 18 to 89 years meeting the inclusion criteria. Combination procedures were…,,True,False,"{""fuzzy_ratio"": 0.0, ""gold_on_page"": true, ""parser_on_page"": false}",
10.1016/j.jsams.2025.08.003,https://doi.org/10.1016/j.jsams.2025.08.003,abstract,fuzzy=0.000 length_ratio=0.000 match@0.74=False,parser_string_not_on_page,fix_parser,Editor´s choice:,,True,False,"{""fuzzy_ratio"": 0.0, ""gold_on_page"": true, ""parser_on_page"": false}",
10.1016/j.juro.2016.02.2911,https://doi.org/10.1016/j.juro.2016.02.2911,abstract,fuzzy=0.000 length_ratio=0.000 match@0.74=False,parser_string_not_on_page,fix_parser,"Surgical site infections (SSI) are one of the outcomes of interest for the Hospital Inpatient Quality Reporting Program instituted by the Centers for Medicare and Medicaid Services. It is imperative that hospitals decrease SSI rates to reduce patient morbidity and healthcare costs. Additionally, SSI…",,True,False,"{""fuzzy_ratio"": 0.0, ""gold_on_page"": true, ""parser_on_page"": false}",
10.1016/j.juro.2017.02.1258,https://doi.org/10.1016/j.juro.2017.02.1258,abstract,fuzzy=0.000 length_ratio=0.000 match@0.74=False,parser_string_not_on_page,fix_parser,"To examine if initial postoperative urinary retention after transurethral Macroplastique® (MPQ) bulking agent injection for female stress urinary incontinence (SUI) is a predictor of success. Following IRB approval, a prospective database of non-neurogenic women who underwent MPQ injection for SUI d…",,True,False,"{""fuzzy_ratio"": 0.0, ""gold_on_page"": true, ""parser_on_page"": false}",
10.1016/j.pain.2012.11.015,https://doi.org/10.1016/j.pain.2012.11.015,abstract,fuzzy=0.000 length_ratio=0.000 match@0.74=False,parser_string_not_on_page,fix_parser,"Persistent postmastectomy pain (PPMP) is a significant clinical problem. Increasingly, psychosocial factors such as anxiety and catastrophizing are being revealed as crucial contributors to individual differences in pain processing and outcomes. Furthermore, differences in patients' responses to sta…",,True,False,"{""fuzzy_ratio"": 0.0, ""gold_on_page"": true, ""parser_on_page"": false}",
10.1016/j.pain.2014.05.024,https://doi.org/10.1016/j.pain.2014.05.024,abstract,fuzzy=0.000 length_ratio=0.000 match@0.74=False,parser_string_not_on_page,fix_parser,"A multisite, randomized, controlled trial showed that nurse practitioners can effectively deliver pain coping skills training to osteoarthritis patients with chronic pain of the knee or hip. Adult health nurse practitioners provided a 10-session intervention, pain coping skills training (PCST), in p…",,True,False,"{""fuzzy_ratio"": 0.0, ""gold_on_page"": true, ""parser_on_page"": false}",
10.1016/j.urology.2025.05.050,https://doi.org/10.1016/j.urology.2025.05.050,abstract,fuzzy=0.000 length_ratio=0.000 match@0.74=False,parser_string_not_on_page,fix_parser,"We read with great interest the recent article by Bhojani et al, titled ""Association Between Kidney Stones and Subsequent Risk of Upper Tract Urothelial Carcinoma (UTUC): A Systematic Review and Meta-Analysis."" The authors are to be commended for addressing a clinically significant and understudied …",,True,False,"{""fuzzy_ratio"": 0.0, ""gold_on_page"": true, ""parser_on_page"": false}",
10.1016/s0022-3913(99)70120-4,https://doi.org/10.1016/s0022-3913(99)70120-4,abstract,fuzzy=0.000 length_ratio=0.000 match@0.74=False,parser_string_not_on_page,fix_parser,This study examined the reliability of tactile perception for determining the existence of open margins when using both a sharp-tipped explorer and a dull stylet.,,True,False,"{""fuzzy_ratio"": 0.0, ""gold_on_page"": true, ""parser_on_page"": false}",
10.1016/0169-5002(95)90532-4,https://doi.org/10.1016/0169-5002(95)90532-4,abstract,fuzzy=0.000 length_ratio=0.000 match@0.74=False,neither_on_page,unclear_review,"The action of angiotensin II (ANG II) was studied in single myocytes from rat portal vein, in which the cytoplasmic Ca++ concentration was estimated by emission from fluorescent dyes and the Ca++ channel current was measured with the whole-cell mode of the patch-clamp technique. ANG II stimulated Ca…",,False,False,"{""fuzzy_ratio"": 0.0, ""gold_on_page"": false, ""parser_on_page"": false}",
10.1016/b978-1-4160-3370-7.00049-3,https://doi.org/10.1016/b978-1-4160-3370-7.00049-3,abstract,fuzzy=0.000 length_ratio=0.000 match@0.74=False,neither_on_page,unclear_review,"The purpose of the work is in computer engineering and materials science: modeling, interpretation of N-dimensional into two-dimensional and selection of optimal parameters of an engineering system based on multidimensional mathematics (section: theory and methods of vector optimization). Within the…",,False,False,"{""fuzzy_ratio"": 0.0, ""gold_on_page"": false, ""parser_on_page"": false}",
10.1016/j.cgh.2011.10.021,https://doi.org/10.1016/j.cgh.2011.10.021,abstract,fuzzy=0.000 length_ratio=0.000 match@0.74=False,neither_on_page,unclear_review,An 87-year-old male was referred for colonoscopy because of rectal bleeding. He had a history of coronary revascularization surgery and chronic obstructive pulmonary disease. Colonoscopy was performed without sedation. The procedure was not difficult and was well tolerated apart from the finding of …,,False,False,"{""fuzzy_ratio"": 0.0, ""gold_on_page"": false, ""parser_on_page"": false}",
